id;emp_name;designation;mobile;dob;remarks
1;infomediaries;Hawaii Unbranded auxiliary;Savings Account XSS;2021-01-04;payment Denmark Credit Card Account
2;Steel;Colorado RSS object-oriented;Tuna Costa Rican Colon Savings Account;2021-01-04;Pula mission-critical Steel
3;programming optimal innovate;Licensed Concrete Ball logistical;XSS Concrete;2021-01-04;bandwidth-monitored
4;Benin ROI;cultivate Afghanistan;virtual Administrator Brand;2021-01-04;Soap
5;Generic Wooden Cheese Wyoming Oregon;Mississippi;payment calculate;2021-01-05;Lights Data
6;payment generate Specialist;deliver scalable;Integration;2021-01-04;brand
7;magenta Chicken maroon;aggregate yellow Latvia;success Way black;2021-01-04;motivating
8;Branding full-range Minnesota;Money Market Account Ameliorated;Bedfordshire Falkland Islands (Malvinas);2021-01-04;frictionless
9;HDD;Direct;Utah Bedfordshire Soft;2021-01-04;mobile monitor parse
10;hybrid Manager;invoice;firmware Licensed Metal Hat;2021-01-05;implementation Centralized
